who,pro_com,selectedhospitalemp,selectedhospital
72,51001,48,48
73,51001,48,48
74,51002,48,48
75,51002,48,48
76,51002,48,48
77,51002,48,48
78,51002,48,48
79,51002,48,48
80,51002,48,48
81,51002,48,48
82,51002,48,48
83,51002,48,48
84,51002,48,48
85,51002,48,48
86,51002,48,48
87,51002,48,48
88,51002,48,48
89,51002,48,48
90,51002,48,48
91,51002,48,48
92,51002,48,48
93,51002,48,48
94,51002,48,48
95,51002,48,48
96,51002,48,48
97,51002,48,48
98,51002,48,48
99,51002,48,48
100,51002,48,48
101,51002,48,48
102,51002,48,48
103,51002,48,48
104,51002,48,48
105,51002,48,48
106,51002,48,48
107,51002,48,48
108,51002,48,48
109,51002,48,48
110,51002,48,48
111,51002,48,48
112,51002,48,48
113,51002,48,48
114,51002,48,48
115,51002,48,48
116,51002,48,48
117,51002,48,48
118,51002,48,48
119,51002,48,48
120,51002,48,48
121,51002,48,48
122,51002,48,48
123,51002,48,48
124,51002,48,48
125,51002,48,48
126,51002,48,48
127,51002,48,48
128,51002,48,48
129,51002,48,48
130,51002,48,48
131,51002,48,48
132,51002,48,48
133,51002,48,48
134,51002,48,48
135,51002,48,48
136,51002,48,48
137,51002,48,48
138,51002,48,48
139,51002,48,48
140,51002,48,48
141,51002,48,48
142,51002,48,48
143,51002,48,48
144,51002,48,48
145,51002,48,48
146,51002,48,48
147,51002,48,48
148,51002,48,48
149,51002,48,48
150,51002,48,48
151,51002,48,48
152,51002,48,48
153,51002,48,48
154,51002,48,48
155,51002,48,48
156,51002,48,48
157,51002,48,48
158,51004,48,48
159,51004,48,48
160,51004,48,48
161,51004,48,48
162,51004,48,48
163,51004,48,48
164,51004,48,48
165,51004,48,48
166,51004,48,48
167,51005,48,49
168,51006,48,48
169,51006,48,48
170,51006,48,48
171,51006,48,48
172,51006,48,48
173,51006,48,48
174,51007,48,48
175,51008,48,48
176,51010,48,48
177,51010,48,48
178,51011,48,48
179,51011,48,48
180,51012,48,48
181,51012,48,48
182,51012,48,48
183,51012,48,48
184,51012,48,48
185,51012,48,48
186,51012,48,48
187,51012,48,48
188,51012,48,48
189,51012,48,48
190,51013,48,49
191,51013,48,49
192,51013,48,49
193,51014,48,48
194,51015,48,48
195,51016,48,48
196,51016,48,48
197,51016,48,48
198,51016,48,48
199,51016,48,48
200,51016,48,48
201,51017,48,48
202,51017,48,48
203,51017,48,48
204,51017,48,48
205,51017,48,48
206,51017,48,48
207,51017,48,48
208,51017,48,48
209,51017,48,48
210,51017,48,48
211,51017,48,48
212,51017,48,48
213,51018,48,48
214,51018,48,48
215,51018,48,48
216,51018,48,48
217,51020,48,49
218,51021,48,48
219,51022,48,48
220,51022,48,48
221,51022,48,48
222,51023,48,57
223,51024,48,48
224,51025,48,48
225,51025,48,48
226,51025,48,48
227,51025,48,48
228,51025,48,48
229,51025,48,48
230,51025,48,48
231,51025,48,48
232,51026,48,49
233,51026,48,49
234,51026,48,49
235,51026,48,49
236,51026,48,49
237,51027,48,48
238,51030,48,48
239,51031,48,48
240,51031,48,48
241,51031,48,48
242,51033,48,49
243,51034,48,48
244,51034,48,48
245,51034,48,48
246,51034,48,48
247,51034,48,48
248,51034,48,48
249,51034,48,48
250,51034,48,48
251,51037,48,48
252,51037,48,48
253,51037,48,48
254,51037,48,48
255,51037,48,48
256,51038,48,48
257,51039,48,49
258,51040,48,70
259,51041,48,57
260,51041,48,48
261,51042,48,49
262,48001,48,57
263,48017,48,50
264,48035,48,70
265,48052,48,70
266,53009,48,53
267,53018,48,53
268,49009,48,62
269,46024,48,66
270,50008,48,65
271,52001,48,51
272,52007,48,52
273,52009,48,48
274,52011,48,48
275,52012,48,55
276,52015,48,48
277,52027,48,48
278,52030,48,51
279,52031,48,48
280,52032,48,51
281,52033,48,48
282,52035,48,48
283,51001,49,48
284,51002,49,48
285,51004,49,48
286,51005,49,49
287,51005,49,49
288,51005,49,49
289,51005,49,49
290,51005,49,49
291,51005,49,49
292,51005,49,49
293,51008,49,48
294,51011,49,48
295,51012,49,48
296,51013,49,49
297,51013,49,49
298,51013,49,49
299,51013,49,49
300,51013,49,49
301,51013,49,49
302,51015,49,48
303,51016,49,48
304,51020,49,49
305,51020,49,49
306,51025,49,48
307,51026,49,49
308,51026,49,49
309,51026,49,49
310,51026,49,49
311,51026,49,49
312,51026,49,49
313,51026,49,49
314,51026,49,49
315,51026,49,49
316,51026,49,49
317,51026,49,49
318,51026,49,49
319,51026,49,49
320,51026,49,49
321,51026,49,49
322,51026,49,49
323,51026,49,49
324,51031,49,48
325,51033,49,49
326,51033,49,49
327,51033,49,49
328,51033,49,49
329,51033,49,49
330,51033,49,49
331,51033,49,49
332,51033,49,49
333,51033,49,49
334,51039,49,49
335,51039,49,49
336,51039,49,49
337,51039,49,49
338,51039,49,49
339,51039,49,49
340,51039,49,49
341,51040,49,70
342,51040,49,70
343,51040,49,70
344,51040,49,70
345,51040,49,70
346,51040,49,70
347,51041,49,57
348,51042,49,49
349,51042,49,49
350,48001,49,57
351,48004,49,60
352,48017,49,54
353,48021,49,70
354,48035,49,70
355,48035,49,70
356,48035,49,70
357,48036,49,70
358,48044,49,60
359,48052,49,70
360,48052,49,70
361,48052,49,70
362,48052,49,70
363,48052,49,70
364,48052,49,70
365,52002,49,51
366,52013,49,49
367,51002,50,48
368,51002,50,48
369,51005,50,49
370,51005,50,49
371,51006,50,48
372,51010,50,48
373,51012,50,48
374,51013,50,49
375,51015,50,48
376,51020,50,49
377,51022,50,48
378,51025,50,48
379,51026,50,49
380,51026,50,49
381,51031,50,48
382,51033,50,49
383,51033,50,49
384,51037,50,48
385,51039,50,49
386,51040,50,70
387,48001,50,57
388,48001,50,57
389,48001,50,57
390,48002,50,61
391,48002,50,61
392,48004,50,60
393,48005,50,61
394,48005,50,61
395,48005,50,61
396,48005,50,61
397,48005,50,61
398,48005,50,61
399,48005,50,61
400,48005,50,61
401,48005,50,61
402,48005,50,61
403,48005,50,61
404,48006,50,60
405,48006,50,61
406,48006,50,54
407,48006,50,61
408,48006,50,61
409,48006,50,60
410,48006,50,50
411,48006,50,60
412,48006,50,61
413,48006,50,54
414,48006,50,54
415,48006,50,61
416,48006,50,61
417,48006,50,61
418,48006,50,54
419,48006,50,60
420,48006,50,60
421,48006,50,50
422,48006,50,50
423,48006,50,60
424,48006,50,60
425,48006,50,60
426,48006,50,54
427,48006,50,61
428,48008,50,64
429,48010,50,64
430,48010,50,64
431,48011,50,64
432,48012,50,55
433,48013,50,70
434,48014,50,64
435,48014,50,64
436,48014,50,64
437,48014,50,64
438,48014,50,64
439,48014,50,64
440,48015,50,57
441,48015,50,57
442,48015,50,57
443,48015,50,57
444,48015,50,57
445,48015,50,57
446,48015,50,57
447,48017,50,54
448,48017,50,60
449,48017,50,54
450,48017,50,60
451,48017,50,60
452,48017,50,60
453,48017,50,50
454,48017,50,50
455,48017,50,60
456,48017,50,50
457,48017,50,60
458,48017,50,54
459,48017,50,54
460,48017,50,50
461,48017,50,54
462,48017,50,60
463,48017,50,60
464,48017,50,54
465,48017,50,54
466,48017,50,50
467,48017,50,54
468,48017,50,60
469,48017,50,54
470,48017,50,54
471,48017,50,54
472,48017,50,54
473,48017,50,50
474,48017,50,50
475,48017,50,50
476,48017,50,50
477,48017,50,54
478,48017,50,60
479,48017,50,60
480,48017,50,50
481,48017,50,50
482,48017,50,54
483,48017,50,54
484,48017,50,60
485,48017,50,54
486,48017,50,50
487,48017,50,60
488,48017,50,50
489,48017,50,60
490,48017,50,50
491,48017,50,50
492,48017,50,60
493,48017,50,50
494,48017,50,54
495,48017,50,54
496,48017,50,50
497,48017,50,60
498,48017,50,50
499,48017,50,60
500,48017,50,50
501,48017,50,60
502,48017,50,50
503,48017,50,54
504,48017,50,54
505,48017,50,54
506,48017,50,50
507,48017,50,50
508,48017,50,54
509,48017,50,50
510,48017,50,50
511,48017,50,54
512,48017,50,50
513,48017,50,54
514,48017,50,60
515,48017,50,54
516,48017,50,50
517,48017,50,60
518,48017,50,54
519,48017,50,60
520,48017,50,50
521,48017,50,50
522,48017,50,54
523,48017,50,54
524,48017,50,50
525,48017,50,54
526,48017,50,54
527,48017,50,60
528,48017,50,54
529,48017,50,60
530,48017,50,60
531,48017,50,54
532,48017,50,54
533,48017,50,54
534,48017,50,54
535,48017,50,54
536,48017,50,50
537,48017,50,60
538,48017,50,54
539,48017,50,50
540,48017,50,50
541,48017,50,50
542,48017,50,54
543,48017,50,50
544,48017,50,54
545,48017,50,60
546,48017,50,50
547,48017,50,50
548,48017,50,50
549,48017,50,60
550,48017,50,50
551,48017,50,50
552,48017,50,50
553,48017,50,50
554,48017,50,54
555,48017,50,60
556,48017,50,50
557,48017,50,50
558,48017,50,60
559,48017,50,60
560,48017,50,54
561,48017,50,50
562,48017,50,54
563,48017,50,50
564,48017,50,54
565,48017,50,54
566,48017,50,54
567,48017,50,54
568,48017,50,54
569,48017,50,60
570,48017,50,54
571,48017,50,54
572,48017,50,54
573,48017,50,54
574,48017,50,60
575,48017,50,60
576,48017,50,50
577,48017,50,50
578,48017,50,54
579,48017,50,60
580,48017,50,60
581,48017,50,50
582,48017,50,50
583,48017,50,50
584,48017,50,54
585,48017,50,54
586,48017,50,60
587,48017,50,54
588,48017,50,50
589,48017,50,50
590,48017,50,60
591,48017,50,54
592,48017,50,54
593,48017,50,60
594,48017,50,50
595,48017,50,54
596,48017,50,60
597,48017,50,54
598,48017,50,50
599,48017,50,50
600,48017,50,60
601,48017,50,50
602,48017,50,60
603,48017,50,60
604,48017,50,50
605,48017,50,54
606,48017,50,54
607,48017,50,60
608,48017,50,54
609,48017,50,60
610,48017,50,60
611,48017,50,60
612,48017,50,54
613,48017,50,60
614,48017,50,50
615,48017,50,60
616,48017,50,50
617,48017,50,54
618,48017,50,50
619,48017,50,54
620,48017,50,60
621,48017,50,60
622,48017,50,54
623,48017,50,60
624,48017,50,50
625,48017,50,60
626,48017,50,60
627,48017,50,60
628,48017,50,50
629,48017,50,50
630,48017,50,60
631,48017,50,50
632,48017,50,54
633,48017,50,50
634,48017,50,54
635,48017,50,54
636,48017,50,54
637,48017,50,60
638,48017,50,60
639,48017,50,50
640,48017,50,54
641,48017,50,54
642,48017,50,50
643,48017,50,60
644,48018,50,61
645,48019,50,64
646,48019,50,64
647,48020,50,55
648,48021,50,70
649,48022,50,57
650,48022,50,57
651,48022,50,57
652,48022,50,57
653,48024,50,54
654,48024,50,50
655,48024,50,50
656,48024,50,60
657,48024,50,54
658,48024,50,54
659,48025,50,57
660,48027,50,64
661,48028,50,64
662,48028,50,64
663,48028,50,64
664,48028,50,64
665,48030,50,64
666,48030,50,64
667,48030,50,64
668,48032,50,70
669,48032,50,70
670,48033,50,57
671,48033,50,57
672,48033,50,57
673,48033,50,57
674,48033,50,57
675,48033,50,57
676,48035,50,70
677,48035,50,70
678,48035,50,70
679,48036,50,70
680,48036,50,70
681,48037,50,57
682,48037,50,57
683,48037,50,57
684,48038,50,57
685,48038,50,57
686,48038,50,57
687,48038,50,57
688,48041,50,50
689,48041,50,60
690,48041,50,50
691,48041,50,54
692,48041,50,54
693,48041,50,54
694,48041,50,60
695,48041,50,50
696,48041,50,60
697,48043,50,50
698,48043,50,61
699,48043,50,54
700,48043,50,60
701,48043,50,61
702,48043,50,50
703,48043,50,61
704,48043,50,61
705,48043,50,50
706,48043,50,54
707,48043,50,60
708,48043,50,61
709,48043,50,60
710,48043,50,60
711,48043,50,60
712,48043,50,54
713,48043,50,60
714,48043,50,60
715,48043,50,60
716,48043,50,54
717,48043,50,54
718,48043,50,50
719,48043,50,50
720,48043,50,50
721,48043,50,61
722,48043,50,61
723,48043,50,50
724,48043,50,60
725,48043,50,60
726,48043,50,60
727,48043,50,54
728,48043,50,50
729,48043,50,60
730,48043,50,50
731,48043,50,60
732,48043,50,50
733,48043,50,54
734,48043,50,60
735,48043,50,50
736,48044,50,50
737,48044,50,60
738,48044,50,60
739,48044,50,54
740,48044,50,54
741,48044,50,54
742,48044,50,60
743,48044,50,60
744,48044,50,50
745,48046,50,60
746,48046,50,50
747,48046,50,50
748,48049,50,70
749,48050,50,64
750,48050,50,64
751,48050,50,64
752,48052,50,70
753,48052,50,70
754,48052,50,70
755,48052,50,70
756,48052,50,70
757,48052,50,70
758,48053,50,60
759,48053,50,50
760,48054,50,55
761,48054,50,55
762,53004,50,53
763,53006,50,53
764,53007,50,53
765,53009,50,53
766,53011,50,53
767,53016,50,53
768,53022,50,53
769,49007,50,59
770,49009,50,59
771,49009,50,62
772,49012,50,68
773,49014,50,68
774,49017,50,59
775,49020,50,53
776,49021,50,68
777,46001,50,69
778,46003,50,71
779,46004,50,71
780,46005,50,66
781,46006,50,71
782,46007,50,69
783,46017,50,69
784,46020,50,71
785,46033,50,66
786,45003,50,56
787,45004,50,56
788,50004,50,65
789,50008,50,65
790,50009,50,65
791,50022,50,65
792,50024,50,65
793,50025,50,65
794,50026,50,67
795,50029,50,65
796,50032,50,64
797,50032,50,64
798,50033,50,65
799,50035,50,65
800,50037,50,67
801,50040,50,65
802,100001,50,61
803,100002,50,61
804,100002,50,61
805,100003,50,63
806,100004,50,61
807,100004,50,61
808,100005,50,61
809,100005,50,61
810,100005,50,61
811,100005,50,61
812,100005,50,61
813,100005,50,61
814,100005,50,61
815,100005,50,61
816,100005,50,61
817,100005,50,61
818,100006,50,61
819,100007,50,61
820,47002,50,61
821,47003,50,69
822,47005,50,64
823,47006,50,64
824,47009,50,63
825,47009,50,63
826,47010,50,63
827,47011,50,63
828,47011,50,63
829,47012,50,69
830,47013,50,63
831,47014,50,63
832,47014,50,63
833,47014,50,63
834,47016,50,69
835,47017,50,63
836,47017,50,61
837,47020,50,63
838,47021,50,69
839,47022,50,69
840,47023,50,63
841,52001,50,51
842,52004,50,55
843,52009,50,48
844,52011,50,48
845,52012,50,55
846,52016,50,55
847,52017,50,51
848,52022,50,55
849,52022,50,55
850,52023,50,49
851,52026,50,52
852,52028,50,55
853,52031,50,48
854,52032,50,52
855,52033,50,48
856,52034,50,52
857,52035,50,48
858,52037,50,51
859,51002,51,48
860,51005,51,49
861,51016,51,48
862,51017,51,48
863,51018,51,48
864,51021,51,48
865,51022,51,48
866,51026,51,49
867,51027,51,48
868,51034,51,48
869,48010,51,64
870,48012,51,55
871,48012,51,55
872,48020,51,55
873,48038,51,57
874,48054,51,55
875,53001,51,53
876,53005,51,53
877,53006,51,53
878,53008,51,53
879,53009,51,53
880,53010,51,53
881,53011,51,53
882,53014,51,53
883,53015,51,53
884,53016,51,53
885,53018,51,53
886,53021,51,53
887,53026,51,53
888,49009,51,59
889,49014,51,68
890,46001,51,69
891,50011,51,55
892,50026,51,58
893,50032,51,64
894,50039,51,55
895,47006,51,64
896,52001,51,51
897,52002,51,52
898,52002,51,51
899,52002,51,51
900,52002,51,51
901,52002,51,51
902,52003,51,51
903,52003,51,52
904,52003,51,52
905,52004,51,55
906,52005,51,55
907,52005,51,55
908,52006,51,51
909,52006,51,52
910,52006,51,52
911,52006,51,52
912,52006,51,51
913,52006,51,51
914,52007,51,52
915,52008,51,48
916,52009,51,48
917,52010,51,51
918,52011,51,48
919,52012,51,55
920,52012,51,55
921,52012,51,55
922,52012,51,55
923,52013,51,49
924,52015,51,48
925,52016,51,55
926,52016,51,55
927,52016,51,55
928,52016,51,55
929,52016,51,55
930,52016,51,55
931,52016,51,55
932,52016,51,55
933,52017,51,52
934,52017,51,51
935,52017,51,51
936,52017,51,51
937,52017,51,51
938,52017,51,51
939,52017,51,51
940,52017,51,51
941,52017,51,52
942,52018,51,52
943,52019,51,51
944,52019,51,52
945,52019,51,52
946,52020,51,53
947,52021,51,48
948,52022,51,55
949,52022,51,55
950,52022,51,55
951,52023,51,49
952,52024,51,48
953,52026,51,52
954,52026,51,51
955,52026,51,52
956,52026,51,52
957,52028,51,55
958,52030,51,52
959,52031,51,48
960,52032,51,52
961,52032,51,52
962,52032,51,51
963,52032,51,51
964,52032,51,52
965,52032,51,51
966,52032,51,52
967,52032,51,51
968,52032,51,51
969,52032,51,52
970,52032,51,51
971,52032,51,52
972,52032,51,52
973,52032,51,52
974,52032,51,52
975,52032,51,51
976,52032,51,52
977,52032,51,51
978,52032,51,51
979,52032,51,52
980,52032,51,51
981,52032,51,52
982,52032,51,52
983,52032,51,52
984,52032,51,52
985,52032,51,51
986,52032,51,51
987,52032,51,51
988,52032,51,52
989,52032,51,52
990,52032,51,52
991,52032,51,51
992,52032,51,51
993,52032,51,51
994,52032,51,52
995,52033,51,48
996,52033,51,48
997,52034,51,52
998,52034,51,51
999,52034,51,51
1000,52034,51,52
1001,52034,51,52
1002,52034,51,52
1003,52034,51,51
1004,52034,51,51
1005,52034,51,52
1006,52034,51,52
1007,52034,51,52
1008,52035,51,48
1009,52036,51,48
1010,52037,51,52
1011,52037,51,51
1012,51002,52,48
1013,51011,52,48
1014,51012,52,48
1015,51017,52,48
1016,51017,52,48
1017,51018,52,48
1018,51018,52,48
1019,51021,52,48
1020,51025,52,48
1021,53001,52,53
1022,53004,52,53
1023,53007,52,53
1024,53011,52,53
1025,53014,52,53
1026,53019,52,53
1027,53022,52,53
1028,53025,52,53
1029,52001,52,51
1030,52001,52,52
1031,52001,52,52
1032,52002,52,52
1033,52007,52,51
1034,52008,52,48
1035,52009,52,48
1036,52009,52,48
1037,52009,52,48
1038,52009,52,48
1039,52011,52,48
1040,52011,52,48
1041,52011,52,48
1042,52011,52,48
1043,52011,52,48
1044,52011,52,48
1045,52012,52,55
1046,52015,52,48
1047,52015,52,48
1048,52015,52,48
1049,52015,52,48
1050,52015,52,48
1051,52015,52,48
1052,52015,52,48
1053,52015,52,48
1054,52017,52,51
1055,52020,52,53
1056,52020,52,53
1057,52020,52,53
1058,52021,52,48
1059,52021,52,48
1060,52022,52,55
1061,52024,52,48
1062,52026,52,52
1063,52027,52,48
1064,52030,52,52
1065,52030,52,51
1066,52031,52,48
1067,52031,52,48
1068,52033,52,48
1069,52033,52,48
1070,52033,52,48
1071,52033,52,48
1072,52033,52,48
1073,52033,52,48
1074,52033,52,48
1075,52035,52,48
1076,52035,52,48
1077,52036,52,48
1078,52037,52,51
1079,51002,53,48
1080,48017,53,54
1081,48022,53,57
1082,53001,53,53
1083,53001,53,53
1084,53001,53,53
1085,53002,53,53
1086,53003,53,53
1087,53004,53,53
1088,53004,53,53
1089,53005,53,53
1090,53006,53,53
1091,53006,53,53
1092,53006,53,53
1093,53006,53,53
1094,53007,53,53
1095,53007,53,53
1096,53008,53,53
1097,53008,53,53
1098,53009,53,53
1099,53009,53,53
1100,53009,53,53
1101,53009,53,53
1102,53009,53,53
1103,53009,53,53
1104,53009,53,53
1105,53009,53,53
1106,53009,53,53
1107,53009,53,53
1108,53009,53,53
1109,53010,53,53
1110,53010,53,53
1111,53010,53,53
1112,53010,53,53
1113,53010,53,53
1114,53010,53,53
1115,53011,53,53
1116,53011,53,53
1117,53011,53,53
1118,53011,53,53
1119,53011,53,53
1120,53011,53,53
1121,53011,53,53
1122,53011,53,53
1123,53011,53,53
1124,53011,53,53
1125,53011,53,53
1126,53011,53,53
1127,53011,53,53
1128,53011,53,53
1129,53011,53,53
1130,53011,53,53
1131,53011,53,53
1132,53011,53,53
1133,53011,53,53
1134,53011,53,53
1135,53011,53,53
1136,53011,53,53
1137,53011,53,53
1138,53011,53,53
1139,53011,53,53
1140,53011,53,53
1141,53011,53,53
1142,53011,53,53
1143,53011,53,53
1144,53011,53,53
1145,53011,53,53
1146,53011,53,53
1147,53011,53,53
1148,53011,53,53
1149,53011,53,53
1150,53011,53,53
1151,53011,53,53
1152,53011,53,53
1153,53011,53,53
1154,53011,53,53
1155,53011,53,53
1156,53011,53,53
1157,53011,53,53
1158,53011,53,53
1159,53011,53,53
1160,53011,53,53
1161,53011,53,53
1162,53011,53,53
1163,53011,53,53
1164,53011,53,53
1165,53011,53,53
1166,53011,53,53
1167,53011,53,53
1168,53011,53,53
1169,53011,53,53
1170,53011,53,53
1171,53011,53,53
1172,53012,53,53
1173,53013,53,53
1174,53013,53,53
1175,53014,53,53
1176,53014,53,53
1177,53014,53,53
1178,53014,53,53
1179,53015,53,53
1180,53015,53,53
1181,53015,53,53
1182,53015,53,53
1183,53015,53,53
1184,53016,53,53
1185,53016,53,53
1186,53016,53,53
1187,53016,53,53
1188,53016,53,53
1189,53016,53,53
1190,53016,53,53
1191,53016,53,53
1192,53017,53,55
1193,53018,53,53
1194,53018,53,53
1195,53018,53,53
1196,53018,53,53
1197,53018,53,53
1198,53018,53,53
1199,53018,53,53
1200,53018,53,53
1201,53018,53,53
1202,53018,53,53
1203,53019,53,53
1204,53019,53,53
1205,53020,53,53
1206,53021,53,53
1207,53021,53,53
1208,53021,53,53
1209,53021,53,53
1210,53021,53,53
1211,53021,53,53
1212,53022,53,53
1213,53023,53,53
1214,53023,53,53
1215,53024,53,53
1216,53024,53,53
1217,53026,53,53
1218,53027,53,53
1219,53028,53,53
1220,49002,53,53
1221,49002,53,53
1222,49007,53,62
1223,49009,53,62
1224,49012,53,68
1225,49012,53,68
1226,49012,53,68
1227,49012,53,68
1228,49012,53,68
1229,49014,53,68
1230,49018,53,62
1231,49020,53,53
1232,50011,53,55
1233,50027,53,55
1234,47011,53,63
1235,52001,53,51
1236,52017,53,52
1237,52020,53,53
1238,52023,53,49
1239,52030,53,51
1240,52032,53,51
1241,52037,53,52
1242,51002,54,48
1243,48001,54,57
1244,48002,54,61
1245,48002,54,61
1246,48002,54,61
1247,48002,54,61
1248,48002,54,61
1249,48002,54,61
1250,48002,54,61
1251,48002,54,61
1252,48004,54,50
1253,48004,54,60
1254,48004,54,60
1255,48004,54,50
1256,48004,54,54
1257,48004,54,54
1258,48004,54,54
1259,48004,54,60
1260,48004,54,50
1261,48004,54,60
1262,48004,54,54
1263,48004,54,54
1264,48004,54,60
1265,48005,54,61
1266,48013,54,70
1267,48013,54,70
1268,48013,54,70
1269,48015,54,57
1270,48017,54,60
1271,48018,54,61
1272,48018,54,61
1273,48025,54,57
1274,48026,54,50
1275,48031,54,60
1276,48032,54,70
1277,48033,54,57
1278,48035,54,70
1279,48037,54,57
1280,48039,54,70
1281,48041,54,54
1282,48046,54,60
1283,48049,54,70
1284,48049,54,70
1285,48049,54,70
1286,48049,54,70
1287,48049,54,70
1288,48053,54,50
1289,48053,54,54
1290,48053,54,50
1291,48053,54,50
1292,48053,54,54
1293,48053,54,54
1294,48053,54,60
1295,48053,54,60
1296,53011,54,53
1297,100005,54,61
1298,47011,54,63
1299,52009,54,48
1300,51002,55,48
1301,51015,55,48
1302,51018,55,48
1303,48006,55,54
1304,48010,55,64
1305,48010,55,64
1306,48010,55,64
1307,48011,55,64
1308,48012,55,55
1309,48012,55,55
1310,48012,55,55
1311,48012,55,55
1312,48012,55,55
1313,48012,55,55
1314,48012,55,55
1315,48012,55,55
1316,48014,55,64
1317,48017,55,60
1318,48019,55,64
1319,48020,55,55
1320,48020,55,55
1321,48021,55,70
1322,48024,55,60
1323,48025,55,57
1324,48027,55,64
1325,48027,55,64
1326,48028,55,64
1327,48030,55,64
1328,48030,55,64
1329,48038,55,57
1330,48050,55,64
1331,48054,55,55
1332,48054,55,55
1333,48054,55,55
1334,48054,55,55
1335,53006,55,53
1336,53008,55,53
1337,53011,55,53
1338,53017,55,55
1339,53018,55,53
1340,53023,55,53
1341,49009,55,59
1342,49012,55,68
1343,50004,55,65
1344,50019,55,65
1345,50022,55,65
1346,50026,55,67
1347,50027,55,55
1348,50032,55,64
1349,50032,55,64
1350,50032,55,64
1351,50033,55,65
1352,50039,55,55
1353,47005,55,64
1354,47012,55,69
1355,52002,55,51
1356,52004,55,55
1357,52004,55,55
1358,52005,55,55
1359,52006,55,51
1360,52010,55,52
1361,52012,55,55
1362,52012,55,55
1363,52012,55,55
1364,52012,55,55
1365,52012,55,55
1366,52012,55,55
1367,52012,55,55
1368,52012,55,55
1369,52012,55,55
1370,52012,55,55
1371,52012,55,55
1372,52012,55,55
1373,52012,55,55
1374,52012,55,55
1375,52012,55,55
1376,52012,55,55
1377,52012,55,55
1378,52013,55,49
1379,52016,55,55
1380,52016,55,55
1381,52017,55,52
1382,52018,55,52
1383,52019,55,51
1384,52022,55,55
1385,52022,55,55
1386,52022,55,55
1387,52022,55,55
1388,52022,55,55
1389,52022,55,55
1390,52022,55,55
1391,52022,55,55
1392,52022,55,55
1393,52022,55,55
1394,52022,55,55
1395,52022,55,55
1396,52022,55,55
1397,52022,55,55
1398,52022,55,55
1399,52022,55,55
1400,52022,55,55
1401,52022,55,55
1402,52022,55,55
1403,52022,55,55
1404,52023,55,49
1405,52025,55,55
1406,52028,55,55
1407,52028,55,55
1408,52028,55,55
1409,52028,55,55
1410,52028,55,55
1411,52032,55,51
1412,52032,55,52
1413,52033,55,48
1414,52034,55,52
1415,51002,56,48
1416,51004,56,48
1417,51013,56,49
1418,51022,56,48
1419,48006,56,61
1420,48014,56,64
1421,48017,56,54
1422,48018,56,61
1423,48019,56,64
1424,48021,56,70
1425,53009,56,53
1426,49004,56,68
1427,49007,56,59
1428,49009,56,62
1429,49014,56,68
1430,49017,56,62
1431,46001,56,69
1432,46005,56,66
1433,46005,56,66
1434,46007,56,69
1435,46009,56,71
1436,46011,56,71
1437,46013,56,56
1438,46015,56,71
1439,46017,56,69
1440,46018,56,69
1441,46022,56,69
1442,46023,56,71
1443,46024,56,66
1444,46028,56,56
1445,46030,56,56
1446,46033,56,66
1447,45001,56,56
1448,45001,56,56
1449,45001,56,56
1450,45001,56,56
1451,45001,56,56
1452,45001,56,56
1453,45001,56,56
1454,45001,56,56
1455,45002,56,56
1456,45003,56,56
1457,45003,56,56
1458,45003,56,56
1459,45003,56,56
1460,45003,56,56
1461,45003,56,56
1462,45003,56,56
1463,45003,56,56
1464,45003,56,56
1465,45003,56,56
1466,45003,56,56
1467,45003,56,56
1468,45003,56,56
1469,45003,56,56
1470,45003,56,56
1471,45003,56,56
1472,45003,56,56
1473,45003,56,56
1474,45003,56,56
1475,45003,56,56
1476,45003,56,56
1477,45003,56,56
1478,45003,56,56
1479,45003,56,56
1480,45003,56,56
1481,45003,56,56
1482,45003,56,56
1483,45003,56,56
1484,45003,56,56
1485,45003,56,56
1486,45003,56,56
1487,45003,56,56
1488,45003,56,56
1489,45003,56,56
1490,45003,56,56
1491,45003,56,56
1492,45004,56,56
1493,45005,56,56
1494,45006,56,56
1495,45007,56,56
1496,45007,56,56
1497,45008,56,56
1498,45008,56,56
1499,45008,56,56
1500,45009,56,56
1501,45009,56,56
1502,45010,56,56
1503,45010,56,56
1504,45010,56,56
1505,45010,56,56
1506,45010,56,56
1507,45010,56,56
1508,45010,56,56
1509,45010,56,56
1510,45010,56,56
1511,45010,56,56
1512,45010,56,56
1513,45010,56,56
1514,45010,56,56
1515,45010,56,56
1516,45010,56,56
1517,45010,56,56
1518,45010,56,56
1519,45010,56,56
1520,45010,56,56
1521,45010,56,56
1522,45010,56,56
1523,45010,56,56
1524,45010,56,56
1525,45010,56,56
1526,45010,56,56
1527,45010,56,56
1528,45010,56,56
1529,45010,56,56
1530,45010,56,56
1531,45010,56,56
1532,45010,56,56
1533,45010,56,56
1534,45010,56,56
1535,45010,56,56
1536,45010,56,56
1537,45010,56,56
1538,45010,56,56
1539,45010,56,56
1540,45010,56,56
1541,45010,56,56
1542,45010,56,56
1543,45010,56,56
1544,45010,56,56
1545,45011,56,56
1546,45011,56,56
1547,45011,56,56
1548,45011,56,56
1549,45011,56,56
1550,45011,56,56
1551,45012,56,56
1552,45013,56,56
1553,45014,56,56
1554,45014,56,56
1555,45014,56,56
1556,45015,56,56
1557,45016,56,56
1558,45016,56,56
1559,45016,56,56
1560,45017,56,56
1561,50004,56,65
1562,50005,56,65
1563,50006,56,59
1564,50009,56,65
1565,50010,56,62
1566,50019,56,65
1567,50025,56,65
1568,50026,56,58
1569,50028,56,65
1570,50029,56,65
1571,50031,56,58
1572,50032,56,64
1573,50037,56,58
1574,100001,56,61
1575,100005,56,61
1576,47009,56,63
1577,47014,56,63
1578,47016,56,69
1579,47017,56,61
1580,47021,56,69
1581,52011,56,48
1582,52033,56,48
1583,51013,57,49
1584,51020,57,49
1585,51026,57,49
1586,51031,57,48
1587,51033,57,49
1588,51034,57,48
1589,51040,57,70
1590,51041,57,48
1591,48001,57,57
1592,48001,57,57
1593,48001,57,57
1594,48001,57,57
1595,48001,57,57
1596,48001,57,57
1597,48001,57,57
1598,48001,57,57
1599,48002,57,61
1600,48004,57,54
1601,48005,57,61
1602,48006,57,60
1603,48013,57,70
1604,48014,57,64
1605,48015,57,57
1606,48015,57,57
1607,48017,57,60
1608,48017,57,54
1609,48017,57,50
1610,48017,57,60
1611,48017,57,54
1612,48017,57,60
1613,48017,57,50
1614,48017,57,60
1615,48017,57,60
1616,48017,57,60
1617,48017,57,50
1618,48017,57,54
1619,48017,57,50
1620,48017,57,54
1621,48017,57,60
1622,48017,57,54
1623,48017,57,60
1624,48017,57,54
1625,48017,57,50
1626,48017,57,54
1627,48017,57,60
1628,48017,57,54
1629,48017,57,60
1630,48017,57,60
1631,48017,57,60
1632,48017,57,60
1633,48017,57,50
1634,48017,57,54
1635,48017,57,50
1636,48017,57,54
1637,48017,57,50
1638,48017,57,50
1639,48017,57,50
1640,48017,57,60
1641,48017,57,50
1642,48017,57,50
1643,48017,57,50
1644,48021,57,70
1645,48021,57,70
1646,48021,57,70
1647,48021,57,70
1648,48021,57,70
1649,48021,57,70
1650,48022,57,57
1651,48022,57,57
1652,48022,57,57
1653,48022,57,57
1654,48024,57,60
1655,48025,57,57
1656,48028,57,64
1657,48030,57,64
1658,48032,57,70
1659,48032,57,70
1660,48032,57,70
1661,48032,57,70
1662,48033,57,57
1663,48033,57,57
1664,48033,57,57
1665,48033,57,57
1666,48033,57,57
1667,48033,57,57
1668,48033,57,57
1669,48033,57,57
1670,48035,57,70
1671,48035,57,70
1672,48035,57,70
1673,48035,57,70
1674,48035,57,70
1675,48035,57,70
1676,48036,57,70
1677,48036,57,70
1678,48036,57,70
1679,48037,57,57
1680,48038,57,57
1681,48038,57,57
1682,48039,57,70
1683,48041,57,60
1684,48041,57,54
1685,48043,57,54
1686,48044,57,50
1687,48046,57,50
1688,48050,57,64
1689,48052,57,70
1690,48052,57,70
1691,48052,57,70
1692,48052,57,70
1693,48052,57,70
1694,48052,57,70
1695,48052,57,70
1696,48052,57,70
1697,48054,57,55
1698,49018,57,62
1699,49021,57,68
1700,46007,57,69
1701,100003,57,63
1702,100005,57,61
1703,47002,57,61
1704,47003,57,69
1705,47011,57,63
1706,47014,57,63
1707,47016,57,69
1708,52006,57,51
1709,52023,57,49
1710,51016,58,48
1711,51042,58,49
1712,48012,58,55
1713,48019,58,64
1714,48020,58,55
1715,48050,58,64
1716,53009,58,53
1717,49001,58,62
1718,49002,58,53
1719,49003,58,68
1720,49004,58,68
1721,49005,58,62
1722,49006,58,62
1723,49007,58,59
1724,49007,58,62
1725,49008,58,59
1726,49008,58,59
1727,49008,58,62
1728,49008,58,59
1729,49008,58,59
1730,49009,58,59
1731,49009,58,62
1732,49009,58,59
1733,49009,58,59
1734,49009,58,59
1735,49009,58,62
1736,49009,58,59
1737,49009,58,59
1738,49009,58,62
1739,49009,58,59
1740,49009,58,59
1741,49009,58,62
1742,49009,58,59
1743,49009,58,62
1744,49012,58,68
1745,49012,58,68
1746,49013,58,68
1747,49014,58,68
1748,49017,58,62
1749,49017,58,59
1750,49017,58,62
1751,49020,58,53
1752,46001,58,69
1753,46002,58,71
1754,46003,58,71
1755,46004,58,71
1756,46005,58,66
1757,46007,58,69
1758,46007,58,69
1759,46007,58,69
1760,46007,58,69
1761,46009,58,71
1762,46010,58,71
1763,46011,58,71
1764,46013,58,56
1765,46015,58,71
1766,46017,58,69
1767,46017,58,69
1768,46017,58,69
1769,46017,58,69
1770,46017,58,69
1771,46017,58,69
1772,46017,58,69
1773,46017,58,69
1774,46017,58,69
1775,46017,58,69
1776,46017,58,69
1777,46018,58,69
1778,46019,58,71
1779,46021,58,69
1780,46022,58,69
1781,46023,58,71
1782,46024,58,66
1783,46026,58,69
1784,46033,58,66
1785,46033,58,66
1786,46033,58,66
1787,46035,58,71
1788,46037,58,71
1789,45003,58,56
1790,45008,58,56
1791,45009,58,56
1792,45010,58,56
1793,45010,58,56
1794,45011,58,56
1795,45012,58,56
1796,50001,58,65
1797,50001,58,65
1798,50001,58,65
1799,50002,58,65
1800,50003,58,67
1801,50003,58,67
1802,50003,58,58
1803,50003,58,58
1804,50004,58,65
1805,50004,58,65
1806,50004,58,65
1807,50004,58,65
1808,50004,58,65
1809,50004,58,65
1810,50005,58,65
1811,50008,58,65
1812,50008,58,65
1813,50008,58,65
1814,50008,58,65
1815,50008,58,65
1816,50008,58,65
1817,50008,58,65
1818,50008,58,65
1819,50008,58,65
1820,50008,58,65
1821,50008,58,65
1822,50008,58,65
1823,50008,58,65
1824,50008,58,65
1825,50008,58,65
1826,50008,58,65
1827,50008,58,65
1828,50008,58,65
1829,50008,58,65
1830,50008,58,65
1831,50008,58,65
1832,50008,58,65
1833,50008,58,65
1834,50008,58,65
1835,50008,58,65
1836,50008,58,65
1837,50008,58,65
1838,50008,58,65
1839,50008,58,65
1840,50008,58,65
1841,50008,58,65
1842,50008,58,65
1843,50008,58,65
1844,50009,58,65
1845,50009,58,65
1846,50010,58,62
1847,50011,58,55
1848,50012,58,65
1849,50014,58,65
1850,50014,58,65
1851,50019,58,65
1852,50020,58,62
1853,50022,58,65
1854,50022,58,65
1855,50023,58,59
1856,50024,58,65
1857,50025,58,65
1858,50025,58,65
1859,50026,58,58
1860,50026,58,58
1861,50026,58,67
1862,50026,58,58
1863,50026,58,67
1864,50026,58,58
1865,50026,58,67
1866,50026,58,67
1867,50026,58,67
1868,50026,58,67
1869,50026,58,67
1870,50026,58,67
1871,50026,58,58
1872,50026,58,67
1873,50026,58,58
1874,50026,58,58
1875,50026,58,58
1876,50026,58,67
1877,50026,58,67
1878,50026,58,67
1879,50026,58,58
1880,50026,58,67
1881,50026,58,67
1882,50026,58,67
1883,50026,58,58
1884,50026,58,58
1885,50026,58,67
1886,50026,58,58
1887,50026,58,67
1888,50026,58,58
1889,50026,58,67
1890,50026,58,58
1891,50026,58,58
1892,50026,58,58
1893,50026,58,67
1894,50026,58,58
1895,50026,58,58
1896,50026,58,58
1897,50026,58,58
1898,50026,58,67
1899,50026,58,58
1900,50026,58,58
1901,50026,58,67
1902,50026,58,67
1903,50026,58,58
1904,50026,58,67
1905,50026,58,67
1906,50026,58,58
1907,50026,58,67
1908,50026,58,67
1909,50026,58,58
1910,50026,58,58
1911,50026,58,67
1912,50026,58,67
1913,50026,58,67
1914,50026,58,67
1915,50026,58,67
1916,50026,58,67
1917,50026,58,67
1918,50026,58,58
1919,50026,58,67
1920,50026,58,67
1921,50026,58,58
1922,50026,58,67
1923,50026,58,67
1924,50026,58,58
1925,50026,58,58
1926,50026,58,58
1927,50026,58,67
1928,50026,58,58
1929,50026,58,58
1930,50026,58,58
1931,50026,58,58
1932,50026,58,67
1933,50027,58,55
1934,50028,58,65
1935,50028,58,65
1936,50028,58,65
1937,50028,58,65
1938,50029,58,65
1939,50029,58,65
1940,50029,58,65
1941,50029,58,65
1942,50029,58,65
1943,50031,58,67
1944,50031,58,67
1945,50031,58,69
1946,50031,58,58
1947,50031,58,69
1948,50031,58,69
1949,50031,58,69
1950,50031,58,67
1951,50031,58,67
1952,50031,58,58
1953,50031,58,69
1954,50031,58,58
1955,50031,58,69
1956,50031,58,58
1957,50031,58,58
1958,50031,58,69
1959,50031,58,58
1960,50031,58,67
1961,50031,58,69
1962,50031,58,58
1963,50031,58,58
1964,50031,58,67
1965,50031,58,67
1966,50031,58,67
1967,50032,58,64
1968,50032,58,64
1969,50033,58,65
1970,50034,58,65
1971,50035,58,65
1972,50035,58,65
1973,50035,58,65
1974,50036,58,65
1975,50036,58,65
1976,50037,58,67
1977,50037,58,67
1978,50037,58,58
1979,50037,58,67
1980,50037,58,58
1981,50037,58,58
1982,50037,58,58
1983,50037,58,67
1984,50038,58,65
1985,50038,58,65
1986,50038,58,65
1987,50038,58,65
1988,50038,58,65
1989,50038,58,65
1990,50039,58,55
1991,50040,58,65
1992,50040,58,65
1993,50040,58,65
1994,50041,58,65
1995,50041,58,65
1996,50041,58,65
1997,47011,58,63
1998,47012,58,69
1999,47014,58,63
2000,47021,58,69
2001,47022,58,69
2002,52028,58,55
2003,48017,58,54
2004,51026,59,49
2005,48011,59,64
2006,49001,59,59
2007,49002,59,53
2008,49004,59,68
2009,49006,59,62
2010,49007,59,62
2011,49008,59,62
2012,49008,59,59
2013,49008,59,59
2014,49008,59,59
2015,49008,59,59
2016,49008,59,62
2017,49008,59,59
2018,49008,59,59
2019,49008,59,62
2020,49008,59,59
2021,49009,59,62
2022,49009,59,59
2023,49009,59,62
2024,49009,59,59
2025,49009,59,62
2026,49009,59,62
2027,49009,59,62
2028,49009,59,62
2029,49009,59,62
2030,49009,59,62
2031,49009,59,62
2032,49009,59,62
2033,49009,59,59
2034,49009,59,59
2035,49009,59,62
2036,49009,59,62
2037,49009,59,59
2038,49009,59,59
2039,49009,59,59
2040,49009,59,62
2041,49009,59,62
2042,49009,59,59
2043,49009,59,62
2044,49009,59,62
2045,49009,59,59
2046,49009,59,62
2047,49009,59,62
2048,49009,59,62
2049,49009,59,59
2050,49009,59,62
2051,49009,59,59
2052,49009,59,59
2053,49009,59,62
2054,49009,59,59
2055,49009,59,62
2056,49009,59,62
2057,49009,59,62
2058,49009,59,59
2059,49009,59,59
2060,49009,59,62
2061,49009,59,62
2062,49009,59,59
2063,49009,59,62
2064,49009,59,62
2065,49009,59,62
2066,49009,59,62
2067,49009,59,62
2068,49009,59,59
2069,49009,59,59
2070,49009,59,62
2071,49009,59,59
2072,49009,59,62
2073,49009,59,59
2074,49009,59,59
2075,49009,59,59
2076,49009,59,59
2077,49009,59,62
2078,49009,59,62
2079,49009,59,62
2080,49009,59,59
2081,49009,59,59
2082,49009,59,59
2083,49009,59,59
2084,49009,59,62
2085,49009,59,59
2086,49009,59,59
2087,49009,59,62
2088,49009,59,59
2089,49009,59,59
2090,49009,59,62
2091,49009,59,59
2092,49009,59,62
2093,49009,59,62
2094,49009,59,62
2095,49009,59,59
2096,49009,59,62
2097,49009,59,59
2098,49009,59,62
2099,49009,59,62
2100,49009,59,59
2101,49009,59,59
2102,49009,59,59
2103,49009,59,62
2104,49009,59,59
2105,49009,59,62
2106,49009,59,59
2107,49009,59,62
2108,49009,59,62
2109,49009,59,59
2110,49009,59,62
2111,49009,59,62
2112,49009,59,59
2113,49009,59,59
2114,49009,59,62
2115,49009,59,62
2116,49009,59,59
2117,49009,59,59
2118,49009,59,62
2119,49010,59,68
2120,49012,59,68
2121,49013,59,68
2122,49017,59,62
2123,46017,59,69
2124,50002,59,65
2125,50014,59,65
2126,50021,59,53
2127,50023,59,62
2128,50026,59,58
2129,50027,59,55
2130,50029,59,65
2131,50034,59,65
2132,50040,59,65
2133,47007,59,63
2134,47011,59,63
2135,51033,60,49
2136,51040,60,70
2137,48001,60,57
2138,48001,60,57
2139,48001,60,57
2140,48002,60,61
2141,48004,60,60
2142,48005,60,61
2143,48005,60,61
2144,48006,60,61
2145,48006,60,60
2146,48006,60,54
2147,48006,60,54
2148,48006,60,50
2149,48006,60,60
2150,48006,60,50
2151,48006,60,60
2152,48006,60,50
2153,48008,60,64
2154,48010,60,64
2155,48011,60,64
2156,48013,60,70
2157,48014,60,64
2158,48014,60,64
2159,48014,60,64
2160,48015,60,57
2161,48017,60,50
2162,48017,60,50
2163,48017,60,60
2164,48017,60,54
2165,48017,60,60
2166,48017,60,60
2167,48017,60,54
2168,48017,60,54
2169,48017,60,50
2170,48017,60,50
2171,48017,60,60
2172,48017,60,54
2173,48017,60,54
2174,48017,60,50
2175,48017,60,50
2176,48017,60,50
2177,48017,60,54
2178,48017,60,54
2179,48017,60,50
2180,48017,60,60
2181,48017,60,50
2182,48017,60,54
2183,48017,60,60
2184,48017,60,60
2185,48017,60,60
2186,48017,60,60
2187,48017,60,50
2188,48017,60,50
2189,48017,60,50
2190,48017,60,60
2191,48017,60,54
2192,48017,60,50
2193,48017,60,60
2194,48017,60,50
2195,48017,60,60
2196,48017,60,50
2197,48017,60,50
2198,48017,60,60
2199,48017,60,54
2200,48017,60,54
2201,48017,60,60
2202,48017,60,60
2203,48017,60,50
2204,48017,60,50
2205,48017,60,50
2206,48017,60,60
2207,48017,60,50
2208,48017,60,50
2209,48017,60,50
2210,48017,60,60
2211,48017,60,60
2212,48017,60,50
2213,48017,60,54
2214,48017,60,54
2215,48017,60,54
2216,48017,60,50
2217,48017,60,54
2218,48017,60,60
2219,48017,60,50
2220,48017,60,60
2221,48017,60,50
2222,48017,60,60
2223,48017,60,60
2224,48017,60,50
2225,48017,60,54
2226,48017,60,54
2227,48017,60,60
2228,48017,60,60
2229,48017,60,54
2230,48017,60,50
2231,48017,60,54
2232,48017,60,54
2233,48017,60,54
2234,48017,60,50
2235,48017,60,60
2236,48017,60,60
2237,48017,60,54
2238,48017,60,50
2239,48017,60,60
2240,48017,60,60
2241,48017,60,50
2242,48017,60,54
2243,48017,60,50
2244,48017,60,50
2245,48017,60,50
2246,48018,60,61
2247,48019,60,64
2248,48019,60,64
2249,48020,60,55
2250,48021,60,70
2251,48021,60,70
2252,48022,60,57
2253,48022,60,57
2254,48022,60,57
2255,48022,60,57
2256,48022,60,57
2257,48024,60,54
2258,48024,60,54
2259,48024,60,50
2260,48024,60,54
2261,48024,60,50
2262,48024,60,60
2263,48024,60,54
2264,48024,60,60
2265,48024,60,54
2266,48024,60,50
2267,48024,60,50
2268,48024,60,54
2269,48027,60,64
2270,48028,60,64
2271,48028,60,64
2272,48030,60,64
2273,48030,60,64
2274,48030,60,64
2275,48030,60,64
2276,48032,60,70
2277,48033,60,57
2278,48033,60,57
2279,48035,60,70
2280,48036,60,70
2281,48037,60,57
2282,48038,60,57
2283,48038,60,57
2284,48038,60,57
2285,48038,60,57
2286,48038,60,57
2287,48038,60,57
2288,48041,60,60
2289,48041,60,50
2290,48041,60,60
2291,48041,60,50
2292,48041,60,50
2293,48041,60,60
2294,48041,60,60
2295,48041,60,50
2296,48041,60,54
2297,48041,60,50
2298,48041,60,54
2299,48041,60,54
2300,48041,60,50
2301,48041,60,50
2302,48041,60,54
2303,48041,60,54
2304,48041,60,54
2305,48041,60,50
2306,48041,60,60
2307,48041,60,50
2308,48041,60,60
2309,48041,60,50
2310,48041,60,54
2311,48041,60,50
2312,48041,60,60
2313,48041,60,60
2314,48041,60,60
2315,48041,60,54
2316,48041,60,54
2317,48041,60,50
2318,48043,60,60
2319,48043,60,61
2320,48043,60,60
2321,48043,60,61
2322,48043,60,54
2323,48044,60,54
2324,48044,60,60
2325,48044,60,60
2326,48044,60,60
2327,48044,60,50
2328,48044,60,54
2329,48046,60,60
2330,48049,60,70
2331,48050,60,64
2332,48052,60,70
2333,48052,60,70
2334,48053,60,60
2335,48054,60,55
2336,48054,60,55
2337,48054,60,55
2338,53006,60,53
2339,53011,60,53
2340,49002,60,53
2341,49004,60,68
2342,49006,60,59
2343,49009,60,59
2344,49014,60,68
2345,49017,60,59
2346,46017,60,69
2347,45007,60,56
2348,50009,60,65
2349,50022,60,65
2350,50028,60,65
2351,50032,60,64
2352,50033,60,65
2353,50035,60,65
2354,100002,60,61
2355,100003,60,63
2356,100004,60,61
2357,100005,60,61
2358,100005,60,61
2359,47003,60,69
2360,47006,60,64
2361,47012,60,69
2362,47013,60,63
2363,47014,60,63
2364,47016,60,69
2365,47017,60,63
2366,47021,60,69
2367,47024,60,63
2368,52001,60,51
2369,52009,60,48
2370,52012,60,55
2371,52013,60,49
2372,52016,60,55
2373,52022,60,55
2374,52028,60,55
2375,52032,60,52
2376,48005,61,61
2377,48005,61,61
2378,48006,61,60
2379,48006,61,60
2380,48006,61,54
2381,48006,61,61
2382,48006,61,61
2383,48006,61,50
2384,48006,61,60
2385,48006,61,61
2386,48006,61,60
2387,48008,61,64
2388,48011,61,64
2389,48014,61,64
2390,48017,61,54
2391,48017,61,54
2392,48017,61,54
2393,48019,61,64
2394,48024,61,50
2395,48035,61,70
2396,48041,61,50
2397,48043,61,61
2398,48044,61,60
2399,48046,61,50
2400,48050,61,64
2401,53011,61,53
2402,49012,61,68
2403,49014,61,68
2404,46001,61,69
2405,46013,61,56
2406,46017,61,69
2407,45010,61,56
2408,50009,61,65
2409,100001,61,61
2410,100001,61,61
2411,100002,61,61
2412,100002,61,61
2413,100002,61,61
2414,100002,61,61
2415,100002,61,61
2416,100002,61,61
2417,100002,61,61
2418,100002,61,61
2419,100002,61,61
2420,100002,61,61
2421,100003,61,63
2422,100003,61,63
2423,100003,61,63
2424,100003,61,63
2425,100003,61,63
2426,100003,61,63
2427,100003,61,63
2428,100003,61,63
2429,100003,61,63
2430,100003,61,63
2431,100003,61,63
2432,100003,61,63
2433,100003,61,63
2434,100003,61,63
2435,100003,61,63
2436,100003,61,63
2437,100004,61,61
2438,100004,61,61
2439,100004,61,61
2440,100004,61,61
2441,100004,61,61
2442,100004,61,61
2443,100005,61,61
2444,100005,61,61
2445,100005,61,61
2446,100005,61,61
2447,100005,61,61
2448,100005,61,61
2449,100005,61,61
2450,100005,61,61
2451,100005,61,61
2452,100005,61,61
2453,100005,61,61
2454,100005,61,61
2455,100005,61,61
2456,100005,61,61
2457,100005,61,61
2458,100005,61,61
2459,100005,61,61
2460,100005,61,61
2461,100005,61,61
2462,100005,61,61
2463,100005,61,61
2464,100005,61,61
2465,100005,61,61
2466,100005,61,61
2467,100005,61,61
2468,100005,61,61
2469,100005,61,61
2470,100005,61,61
2471,100005,61,61
2472,100005,61,61
2473,100005,61,61
2474,100005,61,61
2475,100005,61,61
2476,100005,61,61
2477,100005,61,61
2478,100005,61,61
2479,100005,61,61
2480,100005,61,61
2481,100005,61,61
2482,100005,61,61
2483,100005,61,61
2484,100005,61,61
2485,100005,61,61
2486,100005,61,61
2487,100005,61,61
2488,100005,61,61
2489,100005,61,61
2490,100005,61,61
2491,100005,61,61
2492,100005,61,61
2493,100005,61,61
2494,100005,61,61
2495,100005,61,61
2496,100005,61,61
2497,100005,61,61
2498,100005,61,61
2499,100005,61,61
2500,100005,61,61
2501,100005,61,61
2502,100005,61,61
2503,100005,61,61
2504,100005,61,61
2505,100005,61,61
2506,100005,61,61
2507,100005,61,61
2508,100005,61,61
2509,100005,61,61
2510,100005,61,61
2511,100005,61,61
2512,100005,61,61
2513,100005,61,61
2514,100005,61,61
2515,100005,61,61
2516,100005,61,61
2517,100005,61,61
2518,100005,61,61
2519,100005,61,61
2520,100005,61,61
2521,100005,61,61
2522,100005,61,61
2523,100005,61,61
2524,100005,61,61
2525,100005,61,61
2526,100005,61,61
2527,100005,61,61
2528,100005,61,61
2529,100005,61,61
2530,100005,61,61
2531,100005,61,61
2532,100005,61,61
2533,100005,61,61
2534,100005,61,61
2535,100005,61,61
2536,100005,61,61
2537,100005,61,61
2538,100005,61,61
2539,100005,61,61
2540,100005,61,61
2541,100005,61,61
2542,100005,61,61
2543,100005,61,61
2544,100005,61,61
2545,100005,61,61
2546,100005,61,61
2547,100005,61,61
2548,100005,61,61
2549,100005,61,61
2550,100005,61,61
2551,100005,61,61
2552,100005,61,61
2553,100005,61,61
2554,100005,61,61
2555,100005,61,61
2556,100005,61,61
2557,100005,61,61
2558,100005,61,61
2559,100005,61,61
2560,100005,61,61
2561,100005,61,61
2562,100005,61,61
2563,100005,61,61
2564,100005,61,61
2565,100005,61,61
2566,100005,61,61
2567,100005,61,61
2568,100005,61,61
2569,100005,61,61
2570,100005,61,61
2571,100005,61,61
2572,100005,61,61
2573,100005,61,61
2574,100005,61,61
2575,100005,61,61
2576,100005,61,61
2577,100005,61,61
2578,100005,61,61
2579,100005,61,61
2580,100005,61,61
2581,100005,61,61
2582,100005,61,61
2583,100005,61,61
2584,100005,61,61
2585,100005,61,61
2586,100005,61,61
2587,100005,61,61
2588,100005,61,61
2589,100005,61,61
2590,100005,61,61
2591,100005,61,61
2592,100005,61,61
2593,100006,61,61
2594,100006,61,61
2595,100006,61,61
2596,100006,61,61
2597,100006,61,61
2598,100006,61,61
2599,100006,61,61
2600,100006,61,61
2601,100007,61,61
2602,100007,61,61
2603,100007,61,61
2604,100007,61,61
2605,100007,61,61
2606,47002,61,61
2607,47002,61,61
2608,47002,61,61
2609,47002,61,61
2610,47002,61,61
2611,47002,61,61
2612,47002,61,61
2613,47002,61,61
2614,47002,61,61
2615,47002,61,61
2616,47002,61,61
2617,47003,61,69
2618,47005,61,64
2619,47006,61,64
2620,47007,61,63
2621,47009,61,63
2622,47010,61,63
2623,47010,61,63
2624,47010,61,63
2625,47010,61,63
2626,47010,61,63
2627,47011,61,63
2628,47011,61,63
2629,47012,61,69
2630,47013,61,63
2631,47014,61,63
2632,47014,61,63
2633,47014,61,63
2634,47014,61,63
2635,47014,61,63
2636,47014,61,63
2637,47014,61,63
2638,47014,61,63
2639,47014,61,63
2640,47014,61,63
2641,47014,61,63
2642,47016,61,69
2643,47017,61,63
2644,47017,61,61
2645,47017,61,63
2646,47017,61,61
2647,47017,61,61
2648,47017,61,61
2649,47017,61,61
2650,47017,61,61
2651,47017,61,63
2652,47017,61,63
2653,47020,61,63
2654,47020,61,63
2655,47020,61,63
2656,47021,61,69
2657,47022,61,69
2658,47024,61,63
2659,52003,61,51
2660,52028,61,55
2661,48005,62,61
2662,48010,62,64
2663,48011,62,64
2664,48017,62,60
2665,53009,62,53
2666,53009,62,53
2667,53009,62,53
2668,53009,62,53
2669,53010,62,53
2670,53015,62,53
2671,53024,62,53
2672,53027,62,53
2673,49001,62,62
2674,49001,62,62
2675,49001,62,59
2676,49002,62,53
2677,49002,62,53
2678,49002,62,53
2679,49002,62,53
2680,49002,62,53
2681,49004,62,68
2682,49006,62,62
2683,49006,62,62
2684,49006,62,59
2685,49006,62,62
2686,49006,62,59
2687,49007,62,59
2688,49007,62,59
2689,49007,62,62
2690,49007,62,59
2691,49007,62,59
2692,49007,62,59
2693,49007,62,59
2694,49007,62,59
2695,49007,62,59
2696,49007,62,59
2697,49007,62,62
2698,49007,62,59
2699,49007,62,59
2700,49007,62,59
2701,49007,62,62
2702,49007,62,59
2703,49007,62,62
2704,49007,62,59
2705,49007,62,62
2706,49007,62,62
2707,49008,62,62
2708,49009,62,59
2709,49009,62,62
2710,49011,62,68
2711,49012,62,68
2712,49012,62,68
2713,49012,62,68
2714,49012,62,68
2715,49012,62,68
2716,49012,62,68
2717,49012,62,68
2718,49012,62,68
2719,49012,62,68
2720,49012,62,68
2721,49012,62,68
2722,49012,62,68
2723,49012,62,68
2724,49012,62,68
2725,49017,62,59
2726,49017,62,59
2727,49017,62,59
2728,49017,62,59
2729,49017,62,59
2730,49017,62,59
2731,49017,62,59
2732,49017,62,62
2733,49017,62,62
2734,49017,62,59
2735,49017,62,59
2736,49017,62,59
2737,49017,62,62
2738,49017,62,62
2739,49017,62,59
2740,49017,62,59
2741,49018,62,62
2742,49018,62,62
2743,49018,62,59
2744,49019,62,59
2745,49020,62,53
2746,46017,62,69
2747,50006,62,62
2748,50008,62,65
2749,50010,62,59
2750,50010,62,59
2751,50011,62,55
2752,50015,62,59
2753,50016,62,65
2754,50019,62,65
2755,50020,62,59
2756,50020,62,59
2757,50021,62,53
2758,50027,62,55
2759,50027,62,55
2760,50030,62,62
2761,50034,62,65
2762,50039,62,55
2763,47024,62,63
2764,48005,63,61
2765,48006,63,60
2766,48010,63,64
2767,48011,63,64
2768,48014,63,64
2769,48019,63,64
2770,48030,63,64
2771,48041,63,54
2772,48050,63,64
2773,53024,63,53
2774,49011,63,68
2775,49017,63,59
2776,46001,63,69
2777,46005,63,66
2778,46007,63,69
2779,46009,63,71
2780,46010,63,71
2781,46011,63,71
2782,46017,63,69
2783,46021,63,69
2784,46024,63,66
2785,46033,63,66
2786,50001,63,65
2787,50009,63,65
2788,50022,63,65
2789,50029,63,65
2790,50032,63,64
2791,50035,63,65
2792,100003,63,63
2793,100004,63,61
2794,100005,63,61
2795,47002,63,61
2796,47002,63,61
2797,47002,63,61
2798,47002,63,61
2799,47002,63,61
2800,47002,63,61
2801,47003,63,69
2802,47003,63,69
2803,47003,63,69
2804,47005,63,64
2805,47005,63,64
2806,47006,63,64
2807,47006,63,64
2808,47006,63,64
2809,47006,63,64
2810,47007,63,63
2811,47009,63,63
2812,47009,63,63
2813,47009,63,63
2814,47009,63,63
2815,47009,63,63
2816,47009,63,63
2817,47009,63,63
2818,47009,63,63
2819,47009,63,63
2820,47009,63,63
2821,47009,63,63
2822,47009,63,63
2823,47009,63,63
2824,47009,63,63
2825,47010,63,63
2826,47010,63,63
2827,47010,63,63
2828,47011,63,63
2829,47011,63,63
2830,47011,63,63
2831,47011,63,63
2832,47011,63,63
2833,47011,63,63
2834,47011,63,63
2835,47011,63,63
2836,47011,63,63
2837,47011,63,63
2838,47011,63,63
2839,47011,63,63
2840,47011,63,63
2841,47012,63,69
2842,47012,63,69
2843,47012,63,69
2844,47012,63,69
2845,47012,63,69
2846,47012,63,69
2847,47012,63,69
2848,47012,63,69
2849,47012,63,69
2850,47012,63,69
2851,47013,63,63
2852,47013,63,63
2853,47013,63,63
2854,47013,63,63
2855,47014,63,63
2856,47014,63,63
2857,47014,63,63
2858,47014,63,63
2859,47014,63,63
2860,47014,63,63
2861,47014,63,63
2862,47014,63,63
2863,47014,63,63
2864,47014,63,63
2865,47014,63,63
2866,47014,63,63
2867,47014,63,63
2868,47014,63,63
2869,47014,63,63
2870,47014,63,63
2871,47014,63,63
2872,47014,63,63
2873,47014,63,63
2874,47014,63,63
2875,47014,63,63
2876,47014,63,63
2877,47014,63,63
2878,47014,63,63
2879,47014,63,63
2880,47014,63,63
2881,47014,63,63
2882,47014,63,63
2883,47014,63,63
2884,47014,63,63
2885,47014,63,63
2886,47014,63,63
2887,47014,63,63
2888,47014,63,63
2889,47014,63,63
2890,47014,63,63
2891,47014,63,63
2892,47014,63,63
2893,47014,63,63
2894,47014,63,63
2895,47014,63,63
2896,47014,63,63
2897,47014,63,63
2898,47014,63,63
2899,47014,63,63
2900,47014,63,63
2901,47014,63,63
2902,47014,63,63
2903,47014,63,63
2904,47014,63,63
2905,47014,63,63
2906,47014,63,63
2907,47014,63,63
2908,47016,63,69
2909,47016,63,69
2910,47016,63,69
2911,47016,63,69
2912,47016,63,69
2913,47016,63,69
2914,47016,63,69
2915,47017,63,63
2916,47017,63,63
2917,47017,63,63
2918,47017,63,63
2919,47017,63,61
2920,47017,63,61
2921,47017,63,61
2922,47017,63,61
2923,47017,63,61
2924,47017,63,61
2925,47017,63,61
2926,47017,63,63
2927,47018,63,63
2928,47020,63,63
2929,47020,63,63
2930,47020,63,63
2931,47020,63,63
2932,47020,63,63
2933,47020,63,63
2934,47020,63,63
2935,47020,63,63
2936,47020,63,63
2937,47020,63,63
2938,47020,63,63
2939,47021,63,69
2940,47021,63,69
2941,47021,63,69
2942,47022,63,69
2943,47022,63,69
2944,47022,63,69
2945,47023,63,63
2946,47024,63,63
2947,47024,63,63
2948,47024,63,63
2949,52011,63,48
2950,48017,63,50
2951,48006,64,54
2952,48008,64,64
2953,48008,64,64
2954,48008,64,64
2955,48010,64,64
2956,48010,64,64
2957,48010,64,64
2958,48010,64,64
2959,48010,64,64
2960,48010,64,64
2961,48010,64,64
2962,48010,64,64
2963,48011,64,64
2964,48011,64,64
2965,48011,64,64
2966,48011,64,64
2967,48011,64,64
2968,48011,64,64
2969,48011,64,64
2970,48011,64,64
2971,48012,64,55
2972,48012,64,55
2973,48014,64,64
2974,48014,64,64
2975,48014,64,64
2976,48014,64,64
2977,48014,64,64
2978,48014,64,64
2979,48014,64,64
2980,48014,64,64
2981,48014,64,64
2982,48014,64,64
2983,48014,64,64
2984,48014,64,64
2985,48014,64,64
2986,48014,64,64
2987,48014,64,64
2988,48014,64,64
2989,48014,64,64
2990,48014,64,64
2991,48014,64,64
2992,48014,64,64
2993,48014,64,64
2994,48014,64,64
2995,48014,64,64
2996,48014,64,64
2997,48014,64,64
2998,48014,64,64
2999,48014,64,64
3000,48014,64,64
3001,48014,64,64
3002,48014,64,64
3003,48014,64,64
3004,48014,64,64
3005,48017,64,54
3006,48019,64,64
3007,48019,64,64
3008,48019,64,64
3009,48019,64,64
3010,48019,64,64
3011,48019,64,64
3012,48019,64,64
3013,48019,64,64
3014,48019,64,64
3015,48019,64,64
3016,48019,64,64
3017,48019,64,64
3018,48019,64,64
3019,48019,64,64
3020,48020,64,55
3021,48024,64,60
3022,48027,64,64
3023,48028,64,64
3024,48028,64,64
3025,48028,64,64
3026,48028,64,64
3027,48028,64,64
3028,48028,64,64
3029,48028,64,64
3030,48028,64,64
3031,48030,64,64
3032,48030,64,64
3033,48030,64,64
3034,48030,64,64
3035,48036,64,70
3036,48041,64,50
3037,48050,64,64
3038,48050,64,64
3039,48050,64,64
3040,48050,64,64
3041,48050,64,64
3042,48050,64,64
3043,48050,64,64
3044,48050,64,64
3045,48050,64,64
3046,48054,64,55
3047,53014,64,53
3048,49001,64,62
3049,46001,64,69
3050,46024,64,66
3051,50004,64,65
3052,50009,64,65
3053,50009,64,65
3054,50009,64,65
3055,50009,64,65
3056,50009,64,65
3057,50009,64,65
3058,50009,64,65
3059,50009,64,65
3060,50022,64,65
3061,50022,64,65
3062,50022,64,65
3063,50022,64,65
3064,50022,64,65
3065,50022,64,65
3066,50022,64,65
3067,50024,64,65
3068,50028,64,65
3069,50032,64,64
3070,50032,64,64
3071,50032,64,64
3072,50032,64,64
3073,50032,64,64
3074,50032,64,64
3075,50032,64,64
3076,50032,64,64
3077,50032,64,64
3078,50032,64,64
3079,50032,64,64
3080,50032,64,64
3081,50032,64,64
3082,50032,64,64
3083,50032,64,64
3084,50032,64,64
3085,50033,64,65
3086,50033,64,65
3087,50033,64,65
3088,50033,64,65
3089,50033,64,65
3090,50033,64,65
3091,50033,64,65
3092,50033,64,65
3093,50033,64,65
3094,50033,64,65
3095,50033,64,65
3096,50033,64,65
3097,50033,64,65
3098,50033,64,65
3099,50035,64,65
3100,50040,64,65
3101,100002,64,61
3102,100005,64,61
3103,47005,64,64
3104,47005,64,64
3105,47005,64,64
3106,47006,64,64
3107,47009,64,63
3108,47011,64,63
3109,47012,64,69
3110,47020,64,63
3111,47022,64,69
3112,52012,64,55
3113,48010,65,64
3114,48014,65,64
3115,48017,65,54
3116,48019,65,64
3117,48027,65,64
3118,48028,65,64
3119,48036,65,70
3120,49001,65,59
3121,49002,65,53
3122,49008,65,59
3123,49009,65,62
3124,46001,65,69
3125,46007,65,69
3126,46017,65,69
3127,46021,65,69
3128,46033,65,66
3129,46036,65,71
3130,50001,65,65
3131,50001,65,65
3132,50001,65,65
3133,50001,65,65
3134,50001,65,65
3135,50001,65,65
3136,50002,65,65
3137,50002,65,65
3138,50002,65,65
3139,50003,65,58
3140,50004,65,65
3141,50004,65,65
3142,50004,65,65
3143,50004,65,65
3144,50004,65,65
3145,50004,65,65
3146,50005,65,65
3147,50005,65,65
3148,50005,65,65
3149,50005,65,65
3150,50008,65,65
3151,50008,65,65
3152,50008,65,65
3153,50008,65,65
3154,50008,65,65
3155,50008,65,65
3156,50009,65,65
3157,50009,65,65
3158,50012,65,65
3159,50014,65,65
3160,50016,65,65
3161,50019,65,65
3162,50022,65,65
3163,50022,65,65
3164,50024,65,65
3165,50024,65,65
3166,50025,65,65
3167,50025,65,65
3168,50025,65,65
3169,50026,65,67
3170,50026,65,58
3171,50026,65,58
3172,50027,65,55
3173,50028,65,65
3174,50028,65,65
3175,50028,65,65
3176,50028,65,65
3177,50028,65,65
3178,50028,65,65
3179,50028,65,65
3180,50028,65,65
3181,50028,65,65
3182,50028,65,65
3183,50028,65,65
3184,50028,65,65
3185,50029,65,65
3186,50029,65,65
3187,50029,65,65
3188,50029,65,65
3189,50029,65,65
3190,50029,65,65
3191,50029,65,65
3192,50029,65,65
3193,50029,65,65
3194,50029,65,65
3195,50029,65,65
3196,50029,65,65
3197,50029,65,65
3198,50029,65,65
3199,50029,65,65
3200,50029,65,65
3201,50029,65,65
3202,50029,65,65
3203,50029,65,65
3204,50029,65,65
3205,50029,65,65
3206,50029,65,65
3207,50029,65,65
3208,50029,65,65
3209,50029,65,65
3210,50029,65,65
3211,50031,65,67
3212,50031,65,67
3213,50032,65,64
3214,50032,65,64
3215,50033,65,65
3216,50034,65,65
3217,50035,65,65
3218,50035,65,65
3219,50035,65,65
3220,50035,65,65
3221,50035,65,65
3222,50035,65,65
3223,50035,65,65
3224,50035,65,65
3225,50035,65,65
3226,50035,65,65
3227,50036,65,65
3228,50036,65,65
3229,50037,65,58
3230,50038,65,65
3231,50038,65,65
3232,50039,65,55
3233,50040,65,65
3234,50040,65,65
3235,50040,65,65
3236,50040,65,65
3237,50040,65,65
3238,50040,65,65
3239,50041,65,65
3240,50041,65,65
3241,47012,65,69
3242,47016,65,69
3243,52028,65,55
3244,48014,66,64
3245,48017,66,60
3246,48019,66,64
3247,48033,66,57
3248,48038,66,57
3249,48054,66,55
3250,49002,66,53
3251,49007,66,59
3252,49008,66,59
3253,49009,66,59
3254,49009,66,62
3255,49009,66,59
3256,49009,66,62
3257,49017,66,59
3258,46001,66,69
3259,46004,66,71
3260,46005,66,66
3261,46005,66,66
3262,46005,66,66
3263,46005,66,66
3264,46005,66,66
3265,46005,66,66
3266,46005,66,66
3267,46005,66,66
3268,46005,66,66
3269,46005,66,66
3270,46005,66,66
3271,46005,66,66
3272,46005,66,66
3273,46005,66,66
3274,46005,66,66
3275,46005,66,66
3276,46005,66,66
3277,46005,66,66
3278,46005,66,66
3279,46005,66,66
3280,46007,66,69
3281,46009,66,71
3282,46013,66,56
3283,46013,66,56
3284,46015,66,71
3285,46017,66,69
3286,46017,66,69
3287,46017,66,69
3288,46018,66,69
3289,46018,66,69
3290,46018,66,69
3291,46018,66,69
3292,46018,66,69
3293,46018,66,69
3294,46018,66,69
3295,46018,66,69
3296,46018,66,69
3297,46018,66,69
3298,46018,66,69
3299,46018,66,69
3300,46018,66,69
3301,46021,66,69
3302,46024,66,66
3303,46024,66,66
3304,46024,66,66
3305,46024,66,66
3306,46024,66,66
3307,46024,66,66
3308,46024,66,66
3309,46024,66,66
3310,46024,66,66
3311,46024,66,66
3312,46024,66,66
3313,46024,66,66
3314,46026,66,69
3315,46028,66,56
3316,46028,66,56
3317,46028,66,56
3318,46028,66,56
3319,46028,66,56
3320,46028,66,56
3321,46028,66,56
3322,46030,66,56
3323,46030,66,56
3324,46033,66,66
3325,46033,66,66
3326,46033,66,66
3327,46033,66,66
3328,46033,66,66
3329,46033,66,66
3330,46033,66,66
3331,46033,66,66
3332,46033,66,66
3333,46033,66,66
3334,46033,66,66
3335,46033,66,66
3336,46033,66,66
3337,46033,66,66
3338,46033,66,66
3339,46033,66,66
3340,46033,66,66
3341,46033,66,66
3342,46033,66,66
3343,46033,66,66
3344,46033,66,66
3345,46033,66,66
3346,46033,66,66
3347,46033,66,66
3348,46033,66,66
3349,46033,66,66
3350,46033,66,66
3351,46033,66,66
3352,46033,66,66
3353,46033,66,66
3354,46033,66,66
3355,46033,66,66
3356,46033,66,66
3357,46033,66,66
3358,46033,66,66
3359,46033,66,66
3360,46033,66,66
3361,46033,66,66
3362,46033,66,66
3363,46033,66,66
3364,45001,66,56
3365,45003,66,56
3366,45003,66,56
3367,45003,66,56
3368,45003,66,56
3369,45006,66,56
3370,45007,66,56
3371,45008,66,56
3372,45009,66,56
3373,45010,66,56
3374,45010,66,56
3375,45010,66,56
3376,45011,66,56
3377,45012,66,56
3378,45013,66,56
3379,45014,66,56
3380,45014,66,56
3381,45015,66,56
3382,45016,66,56
3383,45017,66,56
3384,50001,66,65
3385,50005,66,65
3386,50008,66,65
3387,50014,66,65
3388,50026,66,58
3389,50032,66,64
3390,50033,66,65
3391,50035,66,65
3392,50037,66,67
3393,100004,66,61
3394,100005,66,61
3395,47006,66,64
3396,47012,66,69
3397,47014,66,63
3398,47016,66,69
3399,48015,67,57
3400,49002,67,53
3401,49009,67,62
3402,50032,67,64
3403,48017,68,54
3404,48041,68,50
3405,49003,68,68
3406,49003,68,68
3407,49003,68,68
3408,49004,68,68
3409,49004,68,68
3410,49010,68,68
3411,49011,68,68
3412,49013,68,68
3413,49013,68,68
3414,49014,68,68
3415,49014,68,68
3416,49014,68,68
3417,49014,68,68
3418,49014,68,68
3419,49014,68,68
3420,49014,68,68
3421,49014,68,68
3422,49021,68,68
3423,50026,68,58
3424,52034,68,51
3425,48019,69,64
3426,49009,69,59
3427,49012,69,68
3428,46001,69,69
3429,46001,69,69
3430,46001,69,69
3431,46001,69,69
3432,46001,69,69
3433,46001,69,69
3434,46001,69,69
3435,46001,69,69
3436,46001,69,69
3437,46001,69,69
3438,46001,69,69
3439,46001,69,69
3440,46001,69,69
3441,46002,69,71
3442,46003,69,71
3443,46004,69,71
3444,46004,69,71
3445,46004,69,71
3446,46005,69,66
3447,46006,69,71
3448,46007,69,69
3449,46007,69,69
3450,46007,69,69
3451,46007,69,69
3452,46007,69,69
3453,46007,69,69
3454,46007,69,69
3455,46007,69,69
3456,46007,69,69
3457,46007,69,69
3458,46007,69,69
3459,46007,69,69
3460,46007,69,69
3461,46007,69,69
3462,46007,69,69
3463,46007,69,69
3464,46007,69,69
3465,46007,69,69
3466,46007,69,69
3467,46007,69,69
3468,46007,69,69
3469,46007,69,69
3470,46007,69,69
3471,46007,69,69
3472,46007,69,69
3473,46007,69,69
3474,46007,69,69
3475,46007,69,69
3476,46007,69,69
3477,46007,69,69
3478,46007,69,69
3479,46011,69,71
3480,46014,69,71
3481,46015,69,71
3482,46017,69,69
3483,46017,69,69
3484,46017,69,69
3485,46017,69,69
3486,46017,69,69
3487,46017,69,69
3488,46017,69,69
3489,46017,69,69
3490,46017,69,69
3491,46017,69,69
3492,46017,69,69
3493,46017,69,69
3494,46017,69,69
3495,46017,69,69
3496,46017,69,69
3497,46017,69,69
3498,46017,69,69
3499,46017,69,69
3500,46017,69,69
3501,46017,69,69
3502,46017,69,69
3503,46017,69,69
3504,46017,69,69
3505,46017,69,69
3506,46017,69,69
3507,46017,69,69
3508,46017,69,69
3509,46017,69,69
3510,46017,69,69
3511,46017,69,69
3512,46017,69,69
3513,46017,69,69
3514,46017,69,69
3515,46017,69,69
3516,46017,69,69
3517,46017,69,69
3518,46017,69,69
3519,46017,69,69
3520,46017,69,69
3521,46017,69,69
3522,46017,69,69
3523,46017,69,69
3524,46017,69,69
3525,46017,69,69
3526,46017,69,69
3527,46017,69,69
3528,46017,69,69
3529,46017,69,69
3530,46017,69,69
3531,46017,69,69
3532,46017,69,69
3533,46017,69,69
3534,46017,69,69
3535,46017,69,69
3536,46017,69,69
3537,46017,69,69
3538,46017,69,69
3539,46018,69,69
3540,46019,69,71
3541,46021,69,69
3542,46021,69,69
3543,46021,69,69
3544,46022,69,69
3545,46025,69,71
3546,46026,69,69
3547,46026,69,69
3548,46026,69,69
3549,46026,69,69
3550,46026,69,69
3551,46026,69,69
3552,46027,69,71
3553,46033,69,66
3554,46034,69,69
3555,46036,69,71
3556,45007,69,56
3557,45010,69,56
3558,50001,69,65
3559,50005,69,65
3560,50008,69,65
3561,50009,69,65
3562,50009,69,65
3563,50026,69,58
3564,50031,69,69
3565,47003,69,69
3566,47009,69,63
3567,47011,69,63
3568,47012,69,69
3569,47012,69,69
3570,47012,69,69
3571,47013,69,63
3572,47014,69,63
3573,47016,69,69
3574,47021,69,69
3575,47022,69,69
3576,48017,69,60
3577,48033,70,57
3578,46002,71,71
3579,46002,71,71
3580,46003,71,71
3581,46003,71,71
3582,46003,71,71
3583,46003,71,71
3584,46003,71,71
3585,46003,71,71
3586,46004,71,71
3587,46004,71,71
3588,46004,71,71
3589,46006,71,71
3590,46007,71,69
3591,46008,71,71
3592,46009,71,71
3593,46009,71,71
3594,46009,71,71
3595,46010,71,71
3596,46010,71,71
3597,46011,71,71
3598,46011,71,71
3599,46011,71,71
3600,46011,71,71
3601,46014,71,71
3602,46015,71,71
3603,46015,71,71
3604,46017,71,69
3605,46019,71,71
3606,46020,71,71
3607,46022,71,69
3608,46023,71,71
3609,46025,71,71
3610,46026,71,69
3611,46027,71,71
3612,46030,71,56
3613,46031,71,71
3614,46035,71,71
3615,46036,71,71
3616,46037,71,71
3617,50028,71,65
3618,50033,71,65
3619,47023,71,63
